part,job,operation,machine,event,time,queue_length,queue_ops,run_meta,delay
P31,J31,O311,M1,queued,10.0,1.0,O311,"{'release_time': 1e-06, 'n_max': 10, 'total_ops': 154}",
P7,J7,O071,M1,queued,10.0,2.0,"O311,O071","{'release_time': 1e-06, 'n_max': 10, 'total_ops': 154}",
P31,J31,O311,M1,start,10.0,1.0,,"{'release_time': 1e-06, 'n_max': 10, 'total_ops': 154}",
P1,J1,O011,M1,queued,10.0,2.0,"O071,O011","{'release_time': 1e-06, 'n_max': 10, 'total_ops': 154}",
P3,J3,O031,M1,queued,10.0,3.0,"O071,O011,O031","{'release_time': 1e-06, 'n_max': 10, 'total_ops': 154}",
P15,J15,O151,M1,queued,10.0,4.0,"O071,O011,O031,O151","{'release_time': 1e-06, 'n_max': 10, 'total_ops': 154}",
P26,J26,O261,GEN->M2,delivery,19.099999999999994,,,"{'release_time': 1e-06, 'n_max': 10, 'total_ops': 154}",8.0
P9,J9,O091,GEN->M4,delivery,19.099999999999994,,,"{'release_time': 1e-06, 'n_max': 10, 'total_ops': 154}",8.0
P32,J32,O321,GEN->M2,delivery,19.099999999999994,,,"{'release_time': 1e-06, 'n_max': 10, 'total_ops': 154}",8.0
P30,J30,O301,GEN->M2,delivery,19.099999999999994,,,"{'release_time': 1e-06, 'n_max': 10, 'total_ops': 154}",8.0
P10,J10,O101,GEN->M2,delivery,19.099999999999994,,,"{'release_time': 1e-06, 'n_max': 10, 'total_ops': 154}",8.0
P9,J9,O091,M4,queued,28.099999999999994,1.0,O091,"{'release_time': 1e-06, 'n_max': 10, 'total_ops': 154}",
P26,J26,O261,M2,queued,28.099999999999994,1.0,O261,"{'release_time': 1e-06, 'n_max': 10, 'total_ops': 154}",
P9,J9,O091,M4,start,28.099999999999994,0.0,,"{'release_time': 1e-06, 'n_max': 10, 'total_ops': 154}",
P26,J26,O261,M2,start,28.099999999999994,0.0,,"{'release_time': 1e-06, 'n_max': 10, 'total_ops': 154}",
P32,J32,O321,M2,queued,28.099999999999994,1.0,O321,"{'release_time': 1e-06, 'n_max': 10, 'total_ops': 154}",
P30,J30,O301,M2,queued,28.099999999999994,2.0,"O321,O301","{'release_time': 1e-06, 'n_max': 10, 'total_ops': 154}",
P10,J10,O101,M2,queued,28.099999999999994,3.0,"O321,O301,O101","{'release_time': 1e-06, 'n_max': 10, 'total_ops': 154}",
P31,J31,O311,M1,end,36.0,,,"{'release_time': 1e-06, 'n_max': 10, 'total_ops': 154}",
P7,J7,O071,M1,start,36.0,3.0,,"{'release_time': 1e-06, 'n_max': 10, 'total_ops': 154}",
P13,J13,O131,GEN->M4,delivery,36.10000000000001,,,"{'release_time': 1e-06, 'n_max': 10, 'total_ops': 154}",8.0
P23,J23,O231,GEN->M5,delivery,36.10000000000001,,,"{'release_time': 1e-06, 'n_max': 10, 'total_ops': 154}",9.0
P5,J5,O051,GEN->M5,delivery,36.10000000000001,,,"{'release_time': 1e-06, 'n_max': 10, 'total_ops': 154}",9.0
P36,J36,O361,GEN->M5,delivery,36.10000000000001,,,"{'release_time': 1e-06, 'n_max': 10, 'total_ops': 154}",9.0
P24,J24,O241,GEN->M5,delivery,36.10000000000001,,,"{'release_time': 1e-06, 'n_max': 10, 'total_ops': 154}",9.0
P13,J13,O131,M4,queued,45.10000000000001,1.0,O131,"{'release_time': 1e-06, 'n_max': 10, 'total_ops': 154}",
P5,J5,O051,M5,queued,46.10000000000001,1.0,O051,"{'release_time': 1e-06, 'n_max': 10, 'total_ops': 154}",
P23,J23,O231,M5,queued,46.10000000000001,2.0,"O051,O231","{'release_time': 1e-06, 'n_max': 10, 'total_ops': 154}",
P5,J5,O051,M5,start,46.10000000000001,1.0,,"{'release_time': 1e-06, 'n_max': 10, 'total_ops': 154}",
P24,J24,O241,M5,queued,46.10000000000001,2.0,"O231,O241","{'release_time': 1e-06, 'n_max': 10, 'total_ops': 154}",
P36,J36,O361,M5,queued,46.10000000000001,3.0,"O231,O241,O361","{'release_time': 1e-06, 'n_max': 10, 'total_ops': 154}",
P18,J18,O181,GEN->M7,delivery,53.10000000000002,,,"{'release_time': 1e-06, 'n_max': 10, 'total_ops': 154}",6.0
P33,J33,O331,GEN->M7,delivery,55.10000000000004,,,"{'release_time': 1e-06, 'n_max': 10, 'total_ops': 154}",6.0
P38,J38,O381,GEN->M6,delivery,55.10000000000004,,,"{'release_time': 1e-06, 'n_max': 10, 'total_ops': 154}",5.0
P25,J25,O251,GEN->M6,delivery,55.10000000000004,,,"{'release_time': 1e-06, 'n_max': 10, 'total_ops': 154}",5.0
P28,J28,O281,GEN->M7,delivery,55.10000000000004,,,"{'release_time': 1e-06, 'n_max': 10, 'total_ops': 154}",6.0
P26,J26,O261,M2,end,58.099999999999994,,,"{'release_time': 1e-06, 'n_max': 10, 'total_ops': 154}",
P32,J32,O321,M2,start,58.099999999999994,2.0,,"{'release_time': 1e-06, 'n_max': 10, 'total_ops': 154}",
P9,J9,O091,M4,end,59.099999999999994,,,"{'release_time': 1e-06, 'n_max': 10, 'total_ops': 154}",
P13,J13,O131,M4,start,59.099999999999994,0.0,,"{'release_time': 1e-06, 'n_max': 10, 'total_ops': 154}",
P18,J18,O181,M7,queued,60.10000000000002,1.0,O181,"{'release_time': 1e-06, 'n_max': 10, 'total_ops': 154}",
P18,J18,O181,M7,start,60.10000000000002,0.0,,"{'release_time': 1e-06, 'n_max': 10, 'total_ops': 154}",
P38,J38,O381,M6,queued,61.10000000000004,1.0,O381,"{'release_time': 1e-06, 'n_max': 10, 'total_ops': 154}",
P25,J25,O251,M6,queued,61.10000000000004,2.0,"O381,O251","{'release_time': 1e-06, 'n_max': 10, 'total_ops': 154}",
P38,J38,O381,M6,start,61.10000000000004,1.0,,"{'release_time': 1e-06, 'n_max': 10, 'total_ops': 154}",
P7,J7,O071,M1,end,62.0,,,"{'release_time': 1e-06, 'n_max': 10, 'total_ops': 154}",
P1,J1,O011,M1,start,62.0,2.0,,"{'release_time': 1e-06, 'n_max': 10, 'total_ops': 154}",
P28,J28,O281,M7,queued,62.10000000000004,1.0,O281,"{'release_time': 1e-06, 'n_max': 10, 'total_ops': 154}",
P33,J33,O331,M7,queued,62.10000000000004,2.0,"O281,O331","{'release_time': 1e-06, 'n_max': 10, 'total_ops': 154}",
P29,J29,O291,GEN->M4,delivery,66.10000000000004,,,"{'release_time': 1e-06, 'n_max': 10, 'total_ops': 154}",8.0
P16,J16,O161,GEN->M8,delivery,66.10000000000005,,,"{'release_time': 1e-06, 'n_max': 10, 'total_ops': 154}",6.0
P12,J12,O121,GEN->M8,delivery,66.10000000000005,,,"{'release_time': 1e-06, 'n_max': 10, 'total_ops': 154}",6.0
P17,J17,O171,GEN->M8,delivery,68.10000000000007,,,"{'release_time': 1e-06, 'n_max': 10, 'total_ops': 154}",6.0
P39,J39,O391,GEN->M4,delivery,68.10000000000007,,,"{'release_time': 1e-06, 'n_max': 10, 'total_ops': 154}",8.0
P16,J16,O161,M8,queued,73.10000000000005,1.0,O161,"{'release_time': 1e-06, 'n_max': 10, 'total_ops': 154}",
P12,J12,O121,M8,queued,73.10000000000005,2.0,"O161,O121","{'release_time': 1e-06, 'n_max': 10, 'total_ops': 154}",
P16,J16,O161,M8,start,73.10000000000005,1.0,,"{'release_time': 1e-06, 'n_max': 10, 'total_ops': 154}",
P29,J29,O291,M4,queued,75.10000000000004,1.0,O291,"{'release_time': 1e-06, 'n_max': 10, 'total_ops': 154}",
P17,J17,O171,M8,queued,75.10000000000007,2.0,"O121,O171","{'release_time': 1e-06, 'n_max': 10, 'total_ops': 154}",
P5,J5,O051,M5,end,76.10000000000001,,,"{'release_time': 1e-06, 'n_max': 10, 'total_ops': 154}",
P23,J23,O231,M5,start,76.10000000000001,2.0,,"{'release_time': 1e-06, 'n_max': 10, 'total_ops': 154}",
P39,J39,O391,M4,queued,77.10000000000007,2.0,"O291,O391","{'release_time': 1e-06, 'n_max': 10, 'total_ops': 154}",
P4,J4,O041,GEN->M7,delivery,79.19999999999999,,,"{'release_time': 1e-06, 'n_max': 10, 'total_ops': 154}",6.0
P27,J27,O271,GEN->M6,delivery,79.19999999999999,,,"{'release_time': 1e-06, 'n_max': 10, 'total_ops': 154}",5.0
P7,J7,O072,M1->M7,delivery,81.19999999999997,,,"{'release_time': 1e-06, 'n_max': 10, 'total_ops': 154}",7.0
P26,J26,O262,M2->M6,delivery,81.19999999999997,,,"{'release_time': 1e-06, 'n_max': 10, 'total_ops': 154}",8.0
P27,J27,O271,M6,queued,85.19999999999999,2.0,"O251,O271","{'release_time': 1e-06, 'n_max': 10, 'total_ops': 154}",
P5,J5,O052,M5->M7,delivery,85.2,,,"{'release_time': 1e-06, 'n_max': 10, 'total_ops': 154}",5.0
P4,J4,O041,M7,queued,86.19999999999999,3.0,"O281,O331,O041","{'release_time': 1e-06, 'n_max': 10, 'total_ops': 154}",
P1,J1,O011,M1,end,88.0,,,"{'release_time': 1e-06, 'n_max': 10, 'total_ops': 154}",
P3,J3,O031,M1,start,88.0,1.0,,"{'release_time': 1e-06, 'n_max': 10, 'total_ops': 154}",
P32,J32,O321,M2,end,88.1,,,"{'release_time': 1e-06, 'n_max': 10, 'total_ops': 154}",
P30,J30,O301,M2,start,88.1,1.0,,"{'release_time': 1e-06, 'n_max': 10, 'total_ops': 154}",
P7,J7,O072,M7,queued,89.19999999999997,4.0,"O281,O331,O041,O072","{'release_time': 1e-06, 'n_max': 10, 'total_ops': 154}",
P13,J13,O131,M4,end,90.1,,,"{'release_time': 1e-06, 'n_max': 10, 'total_ops': 154}",
P29,J29,O291,M4,start,90.1,1.0,,"{'release_time': 1e-06, 'n_max': 10, 'total_ops': 154}",
P26,J26,O262,M6,queued,90.19999999999997,3.0,"O251,O271,O262","{'release_time': 1e-06, 'n_max': 10, 'total_ops': 154}",
P11,J11,O111,GEN->M1,delivery,90.29999999999993,,,"{'release_time': 1e-06, 'n_max': 10, 'total_ops': 154}",9.0
P18,J18,O181,M7,end,91.10000000000002,,,"{'release_time': 1e-06, 'n_max': 10, 'total_ops': 154}",
P28,J28,O281,M7,start,91.10000000000002,3.0,,"{'release_time': 1e-06, 'n_max': 10, 'total_ops': 154}",
P38,J38,O381,M6,end,91.10000000000004,,,"{'release_time': 1e-06, 'n_max': 10, 'total_ops': 154}",
P25,J25,O251,M6,start,91.10000000000004,2.0,,"{'release_time': 1e-06, 'n_max': 10, 'total_ops': 154}",
P5,J5,O052,M7,queued,91.2,4.0,"O331,O041,O072,O052","{'release_time': 1e-06, 'n_max': 10, 'total_ops': 154}",
P6,J6,O061,GEN->M1,delivery,92.29999999999987,,,"{'release_time': 1e-06, 'n_max': 10, 'total_ops': 154}",9.0
P20,J20,O201,GEN->M1,delivery,95.29999999999991,,,"{'release_time': 1e-06, 'n_max': 10, 'total_ops': 154}",9.0
P38,J38,O382,M6->M1,delivery,97.20000000000003,,,"{'release_time': 1e-06, 'n_max': 10, 'total_ops': 154}",8.0
P13,J13,O132,M4->M1,delivery,98.19999999999999,,,"{'release_time': 1e-06, 'n_max': 10, 'total_ops': 154}",6.0
P11,J11,O111,M1,queued,100.29999999999993,2.0,"O151,O111","{'release_time': 1e-06, 'n_max': 10, 'total_ops': 154}",
P6,J6,O061,M1,queued,102.29999999999987,3.0,"O151,O111,O061","{'release_time': 1e-06, 'n_max': 10, 'total_ops': 154}",
P16,J16,O161,M8,end,103.10000000000005,,,"{'release_time': 1e-06, 'n_max': 10, 'total_ops': 154}",
P12,J12,O121,M8,start,103.10000000000005,1.0,,"{'release_time': 1e-06, 'n_max': 10, 'total_ops': 154}",
P13,J13,O132,M1,queued,105.19999999999999,4.0,"O151,O111,O061,O132","{'release_time': 1e-06, 'n_max': 10, 'total_ops': 154}",
P20,J20,O201,M1,queued,105.29999999999991,5.0,"O151,O111,O061,O132,O201","{'release_time': 1e-06, 'n_max': 10, 'total_ops': 154}",
P31,J31,O312,M1->M2,delivery,105.29999999999993,,,"{'release_time': 1e-06, 'n_max': 10, 'total_ops': 154}",5.0
P23,J23,O231,M5,end,106.10000000000001,,,"{'release_time': 1e-06, 'n_max': 10, 'total_ops': 154}",
P24,J24,O241,M5,start,106.10000000000001,1.0,,"{'release_time': 1e-06, 'n_max': 10, 'total_ops': 154}",
P38,J38,O382,M1,queued,106.20000000000003,6.0,"O151,O111,O061,O132,O201,O382","{'release_time': 1e-06, 'n_max': 10, 'total_ops': 154}",
P34,J34,O341,GEN->M2,delivery,109.39999999999986,,,"{'release_time': 1e-06, 'n_max': 10, 'total_ops': 154}",8.0
P31,J31,O312,M2,queued,111.29999999999993,2.0,"O101,O312","{'release_time': 1e-06, 'n_max': 10, 'total_ops': 154}",
P9,J9,O092,M4->M5,delivery,111.29999999999993,,,"{'release_time': 1e-06, 'n_max': 10, 'total_ops': 154}",8.0
P35,J35,O351,GEN->M4,delivery,111.3999999999998,,,"{'release_time': 1e-06, 'n_max': 10, 'total_ops': 154}",8.0
P16,J16,O162,M8->M5,delivery,113.29999999999987,,,"{'release_time': 1e-06, 'n_max': 10, 'total_ops': 154}",7.0
P28,J28,O281,M7,end,117.10000000000002,,,"{'release_time': 1e-06, 'n_max': 10, 'total_ops': 154}",
P33,J33,O331,M7,start,117.10000000000002,3.0,,"{'release_time': 1e-06, 'n_max': 10, 'total_ops': 154}",
P30,J30,O301,M2,end,118.1,,,"{'release_time': 1e-06, 'n_max': 10, 'total_ops': 154}",
P10,J10,O101,M2,start,118.1,1.0,,"{'release_time': 1e-06, 'n_max': 10, 'total_ops': 154}",
P34,J34,O341,M2,queued,118.39999999999986,2.0,"O312,O341","{'release_time': 1e-06, 'n_max': 10, 'total_ops': 154}",
P30,J30,O302,M2->M5,delivery,118.39999999999998,,,"{'release_time': 1e-06, 'n_max': 10, 'total_ops': 154}",10.0
P3,J3,O031,M1,end,119.0,,,"{'release_time': 1e-06, 'n_max': 10, 'total_ops': 154}",
P15,J15,O151,M1,start,119.0,5.0,,"{'release_time': 1e-06, 'n_max': 10, 'total_ops': 154}",
P2,J2,O021,GEN->M4,delivery,119.39999999999986,,,"{'release_time': 1e-06, 'n_max': 10, 'total_ops': 154}",8.0
P9,J9,O092,M5,queued,120.29999999999993,2.0,"O361,O092","{'release_time': 1e-06, 'n_max': 10, 'total_ops': 154}",
P35,J35,O351,M4,queued,120.3999999999998,2.0,"O391,O351","{'release_time': 1e-06, 'n_max': 10, 'total_ops': 154}",
P29,J29,O291,M4,end,121.1,,,"{'release_time': 1e-06, 'n_max': 10, 'total_ops': 154}",
P39,J39,O391,M4,start,121.1,1.0,,"{'release_time': 1e-06, 'n_max': 10, 'total_ops': 154}",
P25,J25,O251,M6,end,121.10000000000004,,,"{'release_time': 1e-06, 'n_max': 10, 'total_ops': 154}",
P27,J27,O271,M6,start,121.10000000000004,1.0,,"{'release_time': 1e-06, 'n_max': 10, 'total_ops': 154}",
P16,J16,O162,M5,queued,121.29999999999987,3.0,"O361,O092,O162","{'release_time': 1e-06, 'n_max': 10, 'total_ops': 154}",
P2,J2,O021,M4,queued,128.39999999999986,2.0,"O351,O021","{'release_time': 1e-06, 'n_max': 10, 'total_ops': 154}",
P23,J23,O232,M5->M6,delivery,128.39999999999986,,,"{'release_time': 1e-06, 'n_max': 10, 'total_ops': 154}",6.0
P29,J29,O292,M4->M8,delivery,129.29999999999998,,,"{'release_time': 1e-06, 'n_max': 10, 'total_ops': 154}",9.0
P22,J22,O221,GEN->M4,delivery,129.39999999999986,,,"{'release_time': 1e-06, 'n_max': 10, 'total_ops': 154}",8.0
P30,J30,O302,M5,queued,129.39999999999998,4.0,"O361,O092,O162,O302","{'release_time': 1e-06, 'n_max': 10, 'total_ops': 154}",
P12,J12,O121,M8,end,133.10000000000005,,,"{'release_time': 1e-06, 'n_max': 10, 'total_ops': 154}",
P17,J17,O171,M8,start,133.10000000000005,0.0,,"{'release_time': 1e-06, 'n_max': 10, 'total_ops': 154}",
P23,J23,O232,M6,queued,135.39999999999986,2.0,"O262,O232","{'release_time': 1e-06, 'n_max': 10, 'total_ops': 154}",
P25,J25,O252,M6->M8,delivery,135.49999999999974,,,"{'release_time': 1e-06, 'n_max': 10, 'total_ops': 154}",6.0
P24,J24,O241,M5,end,136.10000000000002,,,"{'release_time': 1e-06, 'n_max': 10, 'total_ops': 154}",
P36,J36,O361,M5,start,136.10000000000002,3.0,,"{'release_time': 1e-06, 'n_max': 10, 'total_ops': 154}",
P19,J19,O191,GEN->M8,delivery,136.4999999999998,,,"{'release_time': 1e-06, 'n_max': 10, 'total_ops': 154}",6.0
P22,J22,O221,M4,queued,138.39999999999986,3.0,"O351,O021,O221","{'release_time': 1e-06, 'n_max': 10, 'total_ops': 154}",
P29,J29,O292,M8,queued,139.29999999999998,1.0,O292,"{'release_time': 1e-06, 'n_max': 10, 'total_ops': 154}",
P14,J14,O141,GEN->M7,delivery,140.4999999999998,,,"{'release_time': 1e-06, 'n_max': 10, 'total_ops': 154}",6.0
P25,J25,O252,M8,queued,142.49999999999974,2.0,"O292,O252","{'release_time': 1e-06, 'n_max': 10, 'total_ops': 154}",
P33,J33,O331,M7,end,143.10000000000002,,,"{'release_time': 1e-06, 'n_max': 10, 'total_ops': 154}",
P4,J4,O041,M7,start,143.10000000000002,2.0,,"{'release_time': 1e-06, 'n_max': 10, 'total_ops': 154}",
P19,J19,O191,M8,queued,143.4999999999998,3.0,"O292,O252,O191","{'release_time': 1e-06, 'n_max': 10, 'total_ops': 154}",
P10,J10,O101,M2,end,144.1,,,"{'release_time': 1e-06, 'n_max': 10, 'total_ops': 154}",
P31,J31,O312,M2,start,144.1,1.0,,"{'release_time': 1e-06, 'n_max': 10, 'total_ops': 154}",
P32,J32,O322,M2->M7,delivery,144.4999999999998,,,"{'release_time': 1e-06, 'n_max': 10, 'total_ops': 154}",8.0
P15,J15,O151,M1,end,145.0,,,"{'release_time': 1e-06, 'n_max': 10, 'total_ops': 154}",
P11,J11,O111,M1,start,145.0,4.0,,"{'release_time': 1e-06, 'n_max': 10, 'total_ops': 154}",
P37,J37,O371,GEN->M2,delivery,145.39999999999975,,,"{'release_time': 1e-06, 'n_max': 10, 'total_ops': 154}",8.0
P39,J39,O391,M4,end,147.1,,,"{'release_time': 1e-06, 'n_max': 10, 'total_ops': 154}",
P35,J35,O351,M4,start,147.1,2.0,,"{'release_time': 1e-06, 'n_max': 10, 'total_ops': 154}",
P14,J14,O141,M7,queued,147.4999999999998,3.0,"O072,O052,O141","{'release_time': 1e-06, 'n_max': 10, 'total_ops': 154}",
P27,J27,O271,M6,end,151.10000000000002,,,"{'release_time': 1e-06, 'n_max': 10, 'total_ops': 154}",
P26,J26,O262,M6,start,151.10000000000002,1.0,,"{'release_time': 1e-06, 'n_max': 10, 'total_ops': 154}",
P18,J18,O182,M7->M1,delivery,152.59999999999968,,,"{'release_time': 1e-06, 'n_max': 10, 'total_ops': 154}",7.0
P32,J32,O322,M7,queued,153.4999999999998,4.0,"O072,O052,O141,O322","{'release_time': 1e-06, 'n_max': 10, 'total_ops': 154}",
P33,J33,O332,M7->M4,delivery,153.5,,,"{'release_time': 1e-06, 'n_max': 10, 'total_ops': 154}",9.0
P37,J37,O371,M2,queued,154.39999999999975,2.0,"O341,O371","{'release_time': 1e-06, 'n_max': 10, 'total_ops': 154}",
P39,J39,O392,M4->M2,delivery,156.49999999999997,,,"{'release_time': 1e-06, 'n_max': 10, 'total_ops': 154}",6.0
P18,J18,O182,M1,queued,160.59999999999968,5.0,"O061,O132,O201,O382,O182","{'release_time': 1e-06, 'n_max': 10, 'total_ops': 154}",
P28,J28,O282,M7->M6,delivery,162.4999999999997,,,"{'release_time': 1e-06, 'n_max': 10, 'total_ops': 154}",6.0
P17,J17,O171,M8,end,163.10000000000005,,,"{'release_time': 1e-06, 'n_max': 10, 'total_ops': 154}",
P29,J29,O292,M8,start,163.10000000000005,2.0,,"{'release_time': 1e-06, 'n_max': 10, 'total_ops': 154}",
P39,J39,O392,M2,queued,163.49999999999997,3.0,"O341,O371,O392","{'release_time': 1e-06, 'n_max': 10, 'total_ops': 154}",
P33,J33,O332,M4,queued,163.5,3.0,"O021,O221,O332","{'release_time': 1e-06, 'n_max': 10, 'total_ops': 154}",
P12,J12,O122,M8->M5,delivery,163.59999999999974,,,"{'release_time': 1e-06, 'n_max': 10, 'total_ops': 154}",7.0
P36,J36,O361,M5,end,166.10000000000002,,,"{'release_time': 1e-06, 'n_max': 10, 'total_ops': 154}",
P9,J9,O092,M5,start,166.10000000000002,2.0,,"{'release_time': 1e-06, 'n_max': 10, 'total_ops': 154}",
P28,J28,O282,M6,queued,169.4999999999997,2.0,"O232,O282","{'release_time': 1e-06, 'n_max': 10, 'total_ops': 154}",
P17,J17,O172,M8->M5,delivery,169.50000000000003,,,"{'release_time': 1e-06, 'n_max': 10, 'total_ops': 154}",7.0
P27,J27,O272,M6->M5,delivery,169.59999999999962,,,"{'release_time': 1e-06, 'n_max': 10, 'total_ops': 154}",6.0
P21,J21,O211,GEN->M5,delivery,169.69999999999962,,,"{'release_time': 1e-06, 'n_max': 10, 'total_ops': 154}",9.0
P31,J31,O312,M2,end,170.1,,,"{'release_time': 1e-06, 'n_max': 10, 'total_ops': 154}",
P34,J34,O341,M2,start,170.1,2.0,,"{'release_time': 1e-06, 'n_max': 10, 'total_ops': 154}",
P12,J12,O122,M5,queued,171.59999999999974,3.0,"O162,O302,O122","{'release_time': 1e-06, 'n_max': 10, 'total_ops': 154}",
P24,J24,O242,M5,queued,172.59999999999962,4.0,"O162,O302,O122,O242","{'release_time': 1e-06, 'n_max': 10, 'total_ops': 154}",
P35,J35,O351,M4,end,173.1,,,"{'release_time': 1e-06, 'n_max': 10, 'total_ops': 154}",
P2,J2,O021,M4,start,173.1,2.0,,"{'release_time': 1e-06, 'n_max': 10, 'total_ops': 154}",
P4,J4,O041,M7,end,174.10000000000002,,,"{'release_time': 1e-06, 'n_max': 10, 'total_ops': 154}",
P7,J7,O072,M7,start,174.10000000000002,3.0,,"{'release_time': 1e-06, 'n_max': 10, 'total_ops': 154}",
P11,J11,O111,M1,end,175.0,,,"{'release_time': 1e-06, 'n_max': 10, 'total_ops': 154}",
P6,J6,O061,M1,start,175.0,4.0,,"{'release_time': 1e-06, 'n_max': 10, 'total_ops': 154}",
P27,J27,O272,M5,queued,176.59999999999962,5.0,"O162,O302,O122,O242,O272","{'release_time': 1e-06, 'n_max': 10, 'total_ops': 154}",
P17,J17,O172,M5,queued,177.50000000000003,6.0,"O162,O302,O122,O242,O272,O172","{'release_time': 1e-06, 'n_max': 10, 'total_ops': 154}",
P21,J21,O211,M5,queued,179.69999999999962,7.0,"O162,O302,O122,O242,O272,O172,O211","{'release_time': 1e-06, 'n_max': 10, 'total_ops': 154}",
P26,J26,O262,M6,end,181.10000000000002,,,"{'release_time': 1e-06, 'n_max': 10, 'total_ops': 154}",
P23,J23,O232,M6,start,181.10000000000002,1.0,,"{'release_time': 1e-06, 'n_max': 10, 'total_ops': 154}",
P10,J10,O102,M2->M6,delivery,181.69999999999968,,,"{'release_time': 1e-06, 'n_max': 10, 'total_ops': 154}",8.0
P15,J15,O152,M1->M2,delivery,183.5999999999995,,,"{'release_time': 1e-06, 'n_max': 10, 'total_ops': 154}",5.0
P31,J31,O313,M2,queued,183.59999999999962,3.0,"O371,O392,O313","{'release_time': 1e-06, 'n_max': 10, 'total_ops': 154}",
P40,J40,O401,GEN->M6,delivery,185.69999999999956,,,"{'release_time': 1e-06, 'n_max': 10, 'total_ops': 154}",5.0
P35,J35,O352,M4->M6,delivery,187.79999999999956,,,"{'release_time': 1e-06, 'n_max': 10, 'total_ops': 154}",8.0
P3,J3,O032,M1->M8,delivery,188.69999999999956,,,"{'release_time': 1e-06, 'n_max': 10, 'total_ops': 154}",7.0
P29,J29,O292,M8,end,189.10000000000005,,,"{'release_time': 1e-06, 'n_max': 10, 'total_ops': 154}",
P25,J25,O252,M8,start,189.10000000000005,1.0,,"{'release_time': 1e-06, 'n_max': 10, 'total_ops': 154}",
P15,J15,O152,M2,queued,189.5999999999995,4.0,"O371,O392,O313,O152","{'release_time': 1e-06, 'n_max': 10, 'total_ops': 154}",
P10,J10,O102,M6,queued,190.69999999999968,2.0,"O282,O102","{'release_time': 1e-06, 'n_max': 10, 'total_ops': 154}",
P40,J40,O401,M6,queued,191.69999999999956,3.0,"O282,O102,O401","{'release_time': 1e-06, 'n_max': 10, 'total_ops': 154}",
P8,J8,O081,GEN->M4,delivery,195.7999999999996,,,"{'release_time': 1e-06, 'n_max': 10, 'total_ops': 154}",8.0
P9,J9,O092,M5,end,196.10000000000002,,,"{'release_time': 1e-06, 'n_max': 10, 'total_ops': 154}",
P16,J16,O162,M5,start,196.10000000000002,6.0,,"{'release_time': 1e-06, 'n_max': 10, 'total_ops': 154}",
P29,J29,O293,M8,queued,196.60000000000002,2.0,"O191,O293","{'release_time': 1e-06, 'n_max': 10, 'total_ops': 154}",
P3,J3,O032,M8,queued,196.69999999999956,3.0,"O191,O293,O032","{'release_time': 1e-06, 'n_max': 10, 'total_ops': 154}",
P35,J35,O352,M6,queued,196.79999999999956,4.0,"O282,O102,O401,O352","{'release_time': 1e-06, 'n_max': 10, 'total_ops': 154}",
P26,J26,O263,M6->M8,delivery,196.79999999999995,,,"{'release_time': 1e-06, 'n_max': 10, 'total_ops': 154}",6.0
P4,J4,O042,M7->M4,delivery,197.69999999999956,,,"{'release_time': 1e-06, 'n_max': 10, 'total_ops': 154}",9.0
P34,J34,O341,M2,end,200.1,,,"{'release_time': 1e-06, 'n_max': 10, 'total_ops': 154}",
P37,J37,O371,M2,start,200.1,3.0,,"{'release_time': 1e-06, 'n_max': 10, 'total_ops': 154}",
P7,J7,O072,M7,end,200.10000000000002,,,"{'release_time': 1e-06, 'n_max': 10, 'total_ops': 154}",
P5,J5,O052,M7,start,200.10000000000002,2.0,,"{'release_time': 1e-06, 'n_max': 10, 'total_ops': 154}",
P36,J36,O362,M5->M7,delivery,203.69999999999996,,,"{'release_time': 1e-06, 'n_max': 10, 'total_ops': 154}",5.0
P11,J11,O112,M1->M4,delivery,203.69999999999996,,,"{'release_time': 1e-06, 'n_max': 10, 'total_ops': 154}",6.0
P26,J26,O263,M8,queued,203.79999999999995,4.0,"O191,O293,O032,O263","{'release_time': 1e-06, 'n_max': 10, 'total_ops': 154}",
P2,J2,O021,M4,end,204.1,,,"{'release_time': 1e-06, 'n_max': 10, 'total_ops': 154}",
P22,J22,O221,M4,start,204.1,1.0,,"{'release_time': 1e-06, 'n_max': 10, 'total_ops': 154}",
P8,J8,O081,M4,queued,204.7999999999996,2.0,"O332,O081","{'release_time': 1e-06, 'n_max': 10, 'total_ops': 154}",
P6,J6,O061,M1,end,206.0,,,"{'release_time': 1e-06, 'n_max': 10, 'total_ops': 154}",
P13,J13,O132,M1,start,206.0,3.0,,"{'release_time': 1e-06, 'n_max': 10, 'total_ops': 154}",
P4,J4,O042,M4,queued,207.69999999999956,3.0,"O332,O081,O042","{'release_time': 1e-06, 'n_max': 10, 'total_ops': 154}",
P2,J2,O022,M4->M7,delivery,207.7999999999995,,,"{'release_time': 1e-06, 'n_max': 10, 'total_ops': 154}",9.0
P36,J36,O362,M7,queued,209.69999999999996,3.0,"O141,O322,O362","{'release_time': 1e-06, 'n_max': 10, 'total_ops': 154}",
P11,J11,O112,M4,queued,210.69999999999996,4.0,"O332,O081,O042,O112","{'release_time': 1e-06, 'n_max': 10, 'total_ops': 154}",
P34,J34,O342,M2,queued,210.8999999999999,4.0,"O392,O313,O152,O342","{'release_time': 1e-06, 'n_max': 10, 'total_ops': 154}",
P23,J23,O232,M6,end,211.10000000000002,,,"{'release_time': 1e-06, 'n_max': 10, 'total_ops': 154}",
P28,J28,O282,M6,start,211.10000000000002,3.0,,"{'release_time': 1e-06, 'n_max': 10, 'total_ops': 154}",
P7,J7,O073,M7->M1,delivery,213.79999999999984,,,"{'release_time': 1e-06, 'n_max': 10, 'total_ops': 154}",7.0
P9,J9,O093,M5->M1,delivery,214.7999999999999,,,"{'release_time': 1e-06, 'n_max': 10, 'total_ops': 154}",6.0
P1,J1,O012,M1->M5,delivery,215.99999999999983,,,"{'release_time': 1e-06, 'n_max': 10, 'total_ops': 154}",6.0
P2,J2,O022,M7,queued,217.7999999999995,4.0,"O141,O322,O362,O022","{'release_time': 1e-06, 'n_max': 10, 'total_ops': 154}",
P6,J6,O062,M1,queued,217.79999999999984,4.0,"O201,O382,O182,O062","{'release_time': 1e-06, 'n_max': 10, 'total_ops': 154}",
P25,J25,O252,M8,end,219.10000000000005,,,"{'release_time': 1e-06, 'n_max': 10, 'total_ops': 154}",
P19,J19,O191,M8,start,219.10000000000005,3.0,,"{'release_time': 1e-06, 'n_max': 10, 'total_ops': 154}",
P7,J7,O073,M1,queued,221.79999999999984,5.0,"O201,O382,O182,O062,O073","{'release_time': 1e-06, 'n_max': 10, 'total_ops': 154}",
P9,J9,O093,M1,queued,221.7999999999999,6.0,"O201,O382,O182,O062,O073,O093","{'release_time': 1e-06, 'n_max': 10, 'total_ops': 154}",
P1,J1,O012,M5,queued,222.99999999999983,7.0,"O302,O122,O242,O272,O172,O211,O012","{'release_time': 1e-06, 'n_max': 10, 'total_ops': 154}",
P23,J23,O233,M6->M8,delivery,223.89999999999944,,,"{'release_time': 1e-06, 'n_max': 10, 'total_ops': 154}",6.0
P16,J16,O162,M5,end,226.10000000000002,,,"{'release_time': 1e-06, 'n_max': 10, 'total_ops': 154}",
P30,J30,O302,M5,start,226.10000000000002,6.0,,"{'release_time': 1e-06, 'n_max': 10, 'total_ops': 154}",
P25,J25,O253,M8,queued,227.10000000000005,4.0,"O293,O032,O263,O253","{'release_time': 1e-06, 'n_max': 10, 'total_ops': 154}",
P37,J37,O371,M2,end,230.1,,,"{'release_time': 1e-06, 'n_max': 10, 'total_ops': 154}",
P39,J39,O392,M2,start,230.1,3.0,,"{'release_time': 1e-06, 'n_max': 10, 'total_ops': 154}",
P5,J5,O052,M7,end,230.10000000000002,,,"{'release_time': 1e-06, 'n_max': 10, 'total_ops': 154}",
P14,J14,O141,M7,start,230.10000000000002,3.0,,"{'release_time': 1e-06, 'n_max': 10, 'total_ops': 154}",
P23,J23,O233,M8,queued,230.89999999999944,5.0,"O293,O032,O263,O253,O233","{'release_time': 1e-06, 'n_max': 10, 'total_ops': 154}",
P16,J16,O163,M5->M2,delivery,232.10000000000002,,,"{'release_time': 1e-06, 'n_max': 10, 'total_ops': 154}",10.0
P22,J22,O221,M4,end,235.1,,,"{'release_time': 1e-06, 'n_max': 10, 'total_ops': 154}",
P33,J33,O332,M4,start,235.1,3.0,,"{'release_time': 1e-06, 'n_max': 10, 'total_ops': 154}",
P37,J37,O372,M2->M4,delivery,235.1,,,"{'release_time': 1e-06, 'n_max': 10, 'total_ops': 154}",6.0
P5,J5,O053,M7->M4,delivery,235.10000000000002,,,"{'release_time': 1e-06, 'n_max': 10, 'total_ops': 154}",9.0
P13,J13,O132,M1,end,237.0,,,"{'release_time': 1e-06, 'n_max': 10, 'total_ops': 154}",
P20,J20,O201,M1,start,237.0,5.0,,"{'release_time': 1e-06, 'n_max': 10, 'total_ops': 154}",
P28,J28,O282,M6,end,241.10000000000002,,,"{'release_time': 1e-06, 'n_max': 10, 'total_ops': 154}",
P10,J10,O102,M6,start,241.10000000000002,2.0,,"{'release_time': 1e-06, 'n_max': 10, 'total_ops': 154}",
P37,J37,O372,M4,queued,242.1,4.0,"O081,O042,O112,O372","{'release_time': 1e-06, 'n_max': 10, 'total_ops': 154}",
P16,J16,O163,M2,queued,243.10000000000002,4.0,"O313,O152,O342,O163","{'release_time': 1e-06, 'n_max': 10, 'total_ops': 154}",
P13,J13,O133,M1->M6,delivery,244.0,,,"{'release_time': 1e-06, 'n_max': 10, 'total_ops': 154}",8.0
P5,J5,O053,M4,queued,245.10000000000002,5.0,"O081,O042,O112,O372,O053","{'release_time': 1e-06, 'n_max': 10, 'total_ops': 154}",
P19,J19,O191,M8,end,245.10000000000005,,,"{'release_time': 1e-06, 'n_max': 10, 'total_ops': 154}",
P29,J29,O293,M8,start,245.10000000000005,4.0,,"{'release_time': 1e-06, 'n_max': 10, 'total_ops': 154}",
P28,J28,O283,M6->M7,delivery,247.10000000000002,,,"{'release_time': 1e-06, 'n_max': 10, 'total_ops': 154}",6.0
P22,J22,O222,M4->M7,delivery,249.19999999999996,,,"{'release_time': 1e-06, 'n_max': 10, 'total_ops': 154}",9.0
P13,J13,O133,M6,queued,253.0,3.0,"O401,O352,O133","{'release_time': 1e-06, 'n_max': 10, 'total_ops': 154}",
P28,J28,O283,M7,queued,254.10000000000002,4.0,"O322,O362,O022,O283","{'release_time': 1e-06, 'n_max': 10, 'total_ops': 154}",
P19,J19,O192,M8->M7,delivery,254.10000000000005,,,"{'release_time': 1e-06, 'n_max': 10, 'total_ops': 154}",10.0
P39,J39,O392,M2,end,256.1,,,"{'release_time': 1e-06, 'n_max': 10, 'total_ops': 154}",
P30,J30,O302,M5,end,256.1,,,"{'release_time': 1e-06, 'n_max': 10, 'total_ops': 154}",
P31,J31,O313,M2,start,256.1,3.0,,"{'release_time': 1e-06, 'n_max': 10, 'total_ops': 154}",
P12,J12,O122,M5,start,256.1,5.0,,"{'release_time': 1e-06, 'n_max': 10, 'total_ops': 154}",
P22,J22,O222,M7,queued,259.19999999999993,5.0,"O322,O362,O022,O283,O222","{'release_time': 1e-06, 'n_max': 10, 'total_ops': 154}",
P14,J14,O141,M7,end,261.1,,,"{'release_time': 1e-06, 'n_max': 10, 'total_ops': 154}",
P32,J32,O322,M7,start,261.1,4.0,,"{'release_time': 1e-06, 'n_max': 10, 'total_ops': 154}",
P30,J30,O303,M5->M7,delivery,261.1,,,"{'release_time': 1e-06, 'n_max': 10, 'total_ops': 154}",5.0
P20,J20,O201,M1,end,263.0,,,"{'release_time': 1e-06, 'n_max': 10, 'total_ops': 154}",
P38,J38,O382,M1,start,263.0,4.0,,"{'release_time': 1e-06, 'n_max': 10, 'total_ops': 154}",
P39,J39,O393,M2,queued,263.1,4.0,"O152,O342,O163,O393","{'release_time': 1e-06, 'n_max': 10, 'total_ops': 154}",
P19,J19,O192,M7,queued,265.1,5.0,"O362,O022,O283,O222,O192","{'release_time': 1e-06, 'n_max': 10, 'total_ops': 154}",
P33,J33,O332,M4,end,266.1,,,"{'release_time': 1e-06, 'n_max': 10, 'total_ops': 154}",
P8,J8,O081,M4,start,266.1,4.0,,"{'release_time': 1e-06, 'n_max': 10, 'total_ops': 154}",
P30,J30,O303,M7,queued,267.1,6.0,"O362,O022,O283,O222,O192,O303","{'release_time': 1e-06, 'n_max': 10, 'total_ops': 154}",
P14,J14,O142,M7->M1,delivery,267.1,,,"{'release_time': 1e-06, 'n_max': 10, 'total_ops': 154}",7.0
P20,J20,O202,M1->M6,delivery,270.0,,,"{'release_time': 1e-06, 'n_max': 10, 'total_ops': 154}",8.0
P10,J10,O102,M6,end,271.1,,,"{'release_time': 1e-06, 'n_max': 10, 'total_ops': 154}",
P40,J40,O401,M6,start,271.1,2.0,,"{'release_time': 1e-06, 'n_max': 10, 'total_ops': 154}",
P33,J33,O333,M4->M2,delivery,272.1,,,"{'release_time': 1e-06, 'n_max': 10, 'total_ops': 154}",6.0
P29,J29,O293,M8,end,275.1,,,"{'release_time': 1e-06, 'n_max': 10, 'total_ops': 154}",
P3,J3,O032,M8,start,275.1,3.0,,"{'release_time': 1e-06, 'n_max': 10, 'total_ops': 154}",
P14,J14,O142,M1,queued,275.1,5.0,"O182,O062,O073,O093,O142","{'release_time': 1e-06, 'n_max': 10, 'total_ops': 154}",
P10,J10,O103,M6->M8,delivery,277.1,,,"{'release_time': 1e-06, 'n_max': 10, 'total_ops': 154}",6.0
P20,J20,O202,M6,queued,279.0,3.0,"O352,O133,O202","{'release_time': 1e-06, 'n_max': 10, 'total_ops': 154}",
P33,J33,O333,M2,queued,279.1,5.0,"O152,O342,O163,O393,O333","{'release_time': 1e-06, 'n_max': 10, 'total_ops': 154}",
P31,J31,O313,M2,end,282.1,,,"{'release_time': 1e-06, 'n_max': 10, 'total_ops': 154}",
P15,J15,O152,M2,start,282.1,4.0,,"{'release_time': 1e-06, 'n_max': 10, 'total_ops': 154}",
P29,J29,O294,M8,queued,283.1,4.0,"O263,O253,O233,O294","{'release_time': 1e-06, 'n_max': 10, 'total_ops': 154}",
P10,J10,O103,M8,queued,284.1,5.0,"O263,O253,O233,O294,O103","{'release_time': 1e-06, 'n_max': 10, 'total_ops': 154}",
P12,J12,O122,M5,end,287.1,,,"{'release_time': 1e-06, 'n_max': 10, 'total_ops': 154}",
P24,J24,O242,M5,start,287.1,4.0,,"{'release_time': 1e-06, 'n_max': 10, 'total_ops': 154}",
P31,J31,O314,M2,queued,291.1,5.0,"O342,O163,O393,O333,O314","{'release_time': 1e-06, 'n_max': 10, 'total_ops': 154}",
P32,J32,O322,M7,end,292.1,,,"{'release_time': 1e-06, 'n_max': 10, 'total_ops': 154}",
P36,J36,O362,M7,start,292.1,5.0,,"{'release_time': 1e-06, 'n_max': 10, 'total_ops': 154}",
P38,J38,O382,M1,end,293.0,,,"{'release_time': 1e-06, 'n_max': 10, 'total_ops': 154}",
P18,J18,O182,M1,start,293.0,4.0,,"{'release_time': 1e-06, 'n_max': 10, 'total_ops': 154}",
P12,J12,O123,M5->M6,delivery,294.1,,,"{'release_time': 1e-06, 'n_max': 10, 'total_ops': 154}",6.0
P8,J8,O081,M4,end,297.1,,,"{'release_time': 1e-06, 'n_max': 10, 'total_ops': 154}",
P4,J4,O042,M4,start,297.1,3.0,,"{'release_time': 1e-06, 'n_max': 10, 'total_ops': 154}",
P38,J38,O383,M1->M6,delivery,298.0,,,"{'release_time': 1e-06, 'n_max': 10, 'total_ops': 154}",8.0
P32,J32,O323,M7->M4,delivery,300.1,,,"{'release_time': 1e-06, 'n_max': 10, 'total_ops': 154}",9.0
P3,J3,O032,M8,end,301.1,,,"{'release_time': 1e-06, 'n_max': 10, 'total_ops': 154}",
P40,J40,O401,M6,end,301.1,,,"{'release_time': 1e-06, 'n_max': 10, 'total_ops': 154}",
P26,J26,O263,M8,start,301.1,4.0,,"{'release_time': 1e-06, 'n_max': 10, 'total_ops': 154}",
P35,J35,O352,M6,start,301.1,2.0,,"{'release_time': 1e-06, 'n_max': 10, 'total_ops': 154}",
P12,J12,O123,M6,queued,301.1,3.0,"O133,O202,O123","{'release_time': 1e-06, 'n_max': 10, 'total_ops': 154}",
P38,J38,O383,M6,queued,307.0,4.0,"O133,O202,O123,O383","{'release_time': 1e-06, 'n_max': 10, 'total_ops': 154}",
P8,J8,O082,M4,queued,307.1,4.0,"O112,O372,O053,O082","{'release_time': 1e-06, 'n_max': 10, 'total_ops': 154}",
P15,J15,O152,M2,end,308.1,,,"{'release_time': 1e-06, 'n_max': 10, 'total_ops': 154}",
P34,J34,O342,M2,start,308.1,4.0,,"{'release_time': 1e-06, 'n_max': 10, 'total_ops': 154}",
P32,J32,O323,M4,queued,310.1,5.0,"O112,O372,O053,O082,O323","{'release_time': 1e-06, 'n_max': 10, 'total_ops': 154}",
P3,J3,O033,M8->M2,delivery,311.1,,,"{'release_time': 1e-06, 'n_max': 10, 'total_ops': 154}",6.0
P40,J40,O402,M6->M7,delivery,315.10000000000025,,,"{'release_time': 1e-06, 'n_max': 10, 'total_ops': 154}",6.0
P15,J15,O153,M2->M8,delivery,316.10000000000025,,,"{'release_time': 1e-06, 'n_max': 10, 'total_ops': 154}",6.0
P24,J24,O242,M5,end,318.1,,,"{'release_time': 1e-06, 'n_max': 10, 'total_ops': 154}",
P27,J27,O272,M5,start,318.1,3.0,,"{'release_time': 1e-06, 'n_max': 10, 'total_ops': 154}",
P3,J3,O033,M2,queued,318.1,5.0,"O163,O393,O333,O314,O033","{'release_time': 1e-06, 'n_max': 10, 'total_ops': 154}",
P36,J36,O362,M7,end,322.1,,,"{'release_time': 1e-06, 'n_max': 10, 'total_ops': 154}",
P2,J2,O022,M7,start,322.1,4.0,,"{'release_time': 1e-06, 'n_max': 10, 'total_ops': 154}",
P40,J40,O402,M7,queued,322.10000000000025,5.0,"O283,O222,O192,O303,O402","{'release_time': 1e-06, 'n_max': 10, 'total_ops': 154}",
P18,J18,O182,M1,end,323.0,,,"{'release_time': 1e-06, 'n_max': 10, 'total_ops': 154}",
P6,J6,O062,M1,start,323.0,3.0,,"{'release_time': 1e-06, 'n_max': 10, 'total_ops': 154}",
P4,J4,O042,M4,end,323.1,,,"{'release_time': 1e-06, 'n_max': 10, 'total_ops': 154}",
P11,J11,O112,M4,start,323.1,4.0,,"{'release_time': 1e-06, 'n_max': 10, 'total_ops': 154}",
P15,J15,O153,M8,queued,323.10000000000025,5.0,"O253,O233,O294,O103,O153","{'release_time': 1e-06, 'n_max': 10, 'total_ops': 154}",
P24,J24,O243,M5,queued,325.1,4.0,"O172,O211,O012,O243","{'release_time': 1e-06, 'n_max': 10, 'total_ops': 154}",
P36,J36,O363,M7->M1,delivery,328.1,,,"{'release_time': 1e-06, 'n_max': 10, 'total_ops': 154}",7.0
P18,J18,O183,M1,queued,329.0,4.0,"O073,O093,O142,O183","{'release_time': 1e-06, 'n_max': 10, 'total_ops': 154}",
P26,J26,O263,M8,end,331.1,,,"{'release_time': 1e-06, 'n_max': 10, 'total_ops': 154}",
P26,J26,,,done,331.1,,,"{'release_time': 1e-06, 'n_max': 10, 'total_ops': 154}",
P35,J35,O352,M6,end,331.1,,,"{'release_time': 1e-06, 'n_max': 10, 'total_ops': 154}",
P25,J25,O253,M8,start,331.1,4.0,,"{'release_time': 1e-06, 'n_max': 10, 'total_ops': 154}",
P13,J13,O133,M6,start,331.1,3.0,,"{'release_time': 1e-06, 'n_max': 10, 'total_ops': 154}",
P4,J4,O043,M4->M6,delivery,332.1,,,"{'release_time': 1e-06, 'n_max': 10, 'total_ops': 154}",8.0
P36,J36,O363,M1,queued,336.1,5.0,"O073,O093,O142,O183,O363","{'release_time': 1e-06, 'n_max': 10, 'total_ops': 154}",
P35,J35,O353,M6->M8,delivery,337.1,,,"{'release_time': 1e-06, 'n_max': 10, 'total_ops': 154}",6.0
P34,J34,O342,M2,end,338.1,,,"{'release_time': 1e-06, 'n_max': 10, 'total_ops': 154}",
P16,J16,O163,M2,start,338.1,4.0,,"{'release_time': 1e-06, 'n_max': 10, 'total_ops': 154}",
P4,J4,O043,M6,queued,341.1,4.0,"O202,O123,O383,O043","{'release_time': 1e-06, 'n_max': 10, 'total_ops': 154}",
P35,J35,O353,M8,queued,344.1,5.0,"O233,O294,O103,O153,O353","{'release_time': 1e-06, 'n_max': 10, 'total_ops': 154}",
P34,J34,O343,M2,queued,344.1,5.0,"O393,O333,O314,O033,O343","{'release_time': 1e-06, 'n_max': 10, 'total_ops': 154}",
P6,J6,O062,M1,end,349.0,,,"{'release_time': 1e-06, 'n_max': 10, 'total_ops': 154}",
P7,J7,O073,M1,start,349.0,4.0,,"{'release_time': 1e-06, 'n_max': 10, 'total_ops': 154}",
P27,J27,O272,M5,end,349.1,,,"{'release_time': 1e-06, 'n_max': 10, 'total_ops': 154}",
P17,J17,O172,M5,start,349.1,3.0,,"{'release_time': 1e-06, 'n_max': 10, 'total_ops': 154}",
P2,J2,O022,M7,end,353.1,,,"{'release_time': 1e-06, 'n_max': 10, 'total_ops': 154}",
P28,J28,O283,M7,start,353.1,4.0,,"{'release_time': 1e-06, 'n_max': 10, 'total_ops': 154}",
P6,J6,O063,M1->M5,delivery,354.0,,,"{'release_time': 1e-06, 'n_max': 10, 'total_ops': 154}",6.0
P11,J11,O112,M4,end,354.1,,,"{'release_time': 1e-06, 'n_max': 10, 'total_ops': 154}",
P37,J37,O372,M4,start,354.1,3.0,,"{'release_time': 1e-06, 'n_max': 10, 'total_ops': 154}",
P27,J27,O273,M5,queued,356.1,4.0,"O211,O012,O243,O273","{'release_time': 1e-06, 'n_max': 10, 'total_ops': 154}",
P2,J2,O023,M7->M4,delivery,360.1,,,"{'release_time': 1e-06, 'n_max': 10, 'total_ops': 154}",9.0
P6,J6,O063,M5,queued,361.0,5.0,"O211,O012,O243,O273,O063","{'release_time': 1e-06, 'n_max': 10, 'total_ops': 154}",
P25,J25,O253,M8,end,361.1,,,"{'release_time': 1e-06, 'n_max': 10, 'total_ops': 154}",
P13,J13,O133,M6,end,361.1,,,"{'release_time': 1e-06, 'n_max': 10, 'total_ops': 154}",
P23,J23,O233,M8,start,361.1,4.0,,"{'release_time': 1e-06, 'n_max': 10, 'total_ops': 154}",
P20,J20,O202,M6,start,361.1,3.0,,"{'release_time': 1e-06, 'n_max': 10, 'total_ops': 154}",
P11,J11,O113,M4,queued,364.1,4.0,"O053,O082,O323,O113","{'release_time': 1e-06, 'n_max': 10, 'total_ops': 154}",
P16,J16,O163,M2,end,368.1,,,"{'release_time': 1e-06, 'n_max': 10, 'total_ops': 154}",
P39,J39,O393,M2,start,368.1,4.0,,"{'release_time': 1e-06, 'n_max': 10, 'total_ops': 154}",
P13,J13,O134,M6,queued,368.1,4.0,"O123,O383,O043,O134","{'release_time': 1e-06, 'n_max': 10, 'total_ops': 154}",
P25,J25,O254,M8->M1,delivery,368.1,,,"{'release_time': 1e-06, 'n_max': 10, 'total_ops': 154}",7.0
P2,J2,O023,M4,queued,370.1,5.0,"O053,O082,O323,O113,O023","{'release_time': 1e-06, 'n_max': 10, 'total_ops': 154}",
P16,J16,O164,M2->M7,delivery,374.1,,,"{'release_time': 1e-06, 'n_max': 10, 'total_ops': 154}",8.0
P25,J25,O254,M1,queued,376.1,5.0,"O093,O142,O183,O363,O254","{'release_time': 1e-06, 'n_max': 10, 'total_ops': 154}",
P7,J7,O073,M1,end,380.0,,,"{'release_time': 1e-06, 'n_max': 10, 'total_ops': 154}",
P7,J7,,,done,380.0,,,"{'release_time': 1e-06, 'n_max': 10, 'total_ops': 154}",
P9,J9,O093,M1,start,380.0,4.0,,"{'release_time': 1e-06, 'n_max': 10, 'total_ops': 154}",
P17,J17,O172,M5,end,380.1,,,"{'release_time': 1e-06, 'n_max': 10, 'total_ops': 154}",
P21,J21,O211,M5,start,380.1,4.0,,"{'release_time': 1e-06, 'n_max': 10, 'total_ops': 154}",
P16,J16,O164,M7,queued,383.1,5.0,"O222,O192,O303,O402,O164","{'release_time': 1e-06, 'n_max': 10, 'total_ops': 154}",
P28,J28,O283,M7,end,384.1,,,"{'release_time': 1e-06, 'n_max': 10, 'total_ops': 154}",
P22,J22,O222,M7,start,384.1,4.0,,"{'release_time': 1e-06, 'n_max': 10, 'total_ops': 154}",
P37,J37,O372,M4,end,385.1,,,"{'release_time': 1e-06, 'n_max': 10, 'total_ops': 154}",
P5,J5,O053,M4,start,385.1,4.0,,"{'release_time': 1e-06, 'n_max': 10, 'total_ops': 154}",
P17,J17,O173,M5->M2,delivery,386.1,,,"{'release_time': 1e-06, 'n_max': 10, 'total_ops': 154}",10.0
P20,J20,O202,M6,end,391.1,,,"{'release_time': 1e-06, 'n_max': 10, 'total_ops': 154}",
P23,J23,O233,M8,end,391.1,,,"{'release_time': 1e-06, 'n_max': 10, 'total_ops': 154}",
P23,J23,,,done,391.1,,,"{'release_time': 1e-06, 'n_max': 10, 'total_ops': 154}",
P29,J29,O294,M8,start,391.1,3.0,,"{'release_time': 1e-06, 'n_max': 10, 'total_ops': 154}",
P28,J28,O284,M7->M8,delivery,391.1,,,"{'release_time': 1e-06, 'n_max': 10, 'total_ops': 154}",10.0
P12,J12,O123,M6,start,391.1,3.0,,"{'release_time': 1e-06, 'n_max': 10, 'total_ops': 154}",
P37,J37,O373,M4,queued,395.1,5.0,"O082,O323,O113,O023,O373","{'release_time': 1e-06, 'n_max': 10, 'total_ops': 154}",
P17,J17,O173,M2,queued,397.1,5.0,"O333,O314,O033,O343,O173","{'release_time': 1e-06, 'n_max': 10, 'total_ops': 154}",
P20,J20,O203,M6->M1,delivery,397.1,,,"{'release_time': 1e-06, 'n_max': 10, 'total_ops': 154}",8.0
P39,J39,O393,M2,end,398.1,,,"{'release_time': 1e-06, 'n_max': 10, 'total_ops': 154}",
P33,J33,O333,M2,start,398.1,4.0,,"{'release_time': 1e-06, 'n_max': 10, 'total_ops': 154}",
P28,J28,O284,M8,queued,402.1,4.0,"O103,O153,O353,O284","{'release_time': 1e-06, 'n_max': 10, 'total_ops': 154}",
P39,J39,O394,M2->M8,delivery,404.1,,,"{'release_time': 1e-06, 'n_max': 10, 'total_ops': 154}",6.0
P20,J20,O203,M1,queued,406.1,5.0,"O142,O183,O363,O254,O203","{'release_time': 1e-06, 'n_max': 10, 'total_ops': 154}",
P22,J22,O222,M7,end,410.1,,,"{'release_time': 1e-06, 'n_max': 10, 'total_ops': 154}",
P19,J19,O192,M7,start,410.1,3.0,,"{'release_time': 1e-06, 'n_max': 10, 'total_ops': 154}",
P9,J9,O093,M1,end,411.0,,,"{'release_time': 1e-06, 'n_max': 10, 'total_ops': 154}",
P14,J14,O142,M1,start,411.0,4.0,,"{'release_time': 1e-06, 'n_max': 10, 'total_ops': 154}",
P21,J21,O211,M5,end,411.1,,,"{'release_time': 1e-06, 'n_max': 10, 'total_ops': 154}",
P1,J1,O012,M5,start,411.1,3.0,,"{'release_time': 1e-06, 'n_max': 10, 'total_ops': 154}",
P39,J39,O394,M8,queued,411.1,5.0,"O103,O153,O353,O284,O394","{'release_time': 1e-06, 'n_max': 10, 'total_ops': 154}",
P9,J9,O094,M1->M7,delivery,416.0,,,"{'release_time': 1e-06, 'n_max': 10, 'total_ops': 154}",7.0
P5,J5,O053,M4,end,416.1,,,"{'release_time': 1e-06, 'n_max': 10, 'total_ops': 154}",
P5,J5,,,done,416.1,,,"{'release_time': 1e-06, 'n_max': 10, 'total_ops': 154}",
P8,J8,O082,M4,start,416.1,4.0,,"{'release_time': 1e-06, 'n_max': 10, 'total_ops': 154}",
P29,J29,O294,M8,end,417.1,,,"{'release_time': 1e-06, 'n_max': 10, 'total_ops': 154}",
P10,J10,O103,M8,start,417.1,4.0,,"{'release_time': 1e-06, 'n_max': 10, 'total_ops': 154}",
P22,J22,O223,M7,queued,418.1,4.0,"O303,O402,O164,O223","{'release_time': 1e-06, 'n_max': 10, 'total_ops': 154}",
P21,J21,O212,M5,queued,419.1,4.0,"O243,O273,O063,O212","{'release_time': 1e-06, 'n_max': 10, 'total_ops': 154}",
P12,J12,O123,M6,end,421.1,,,"{'release_time': 1e-06, 'n_max': 10, 'total_ops': 154}",
P38,J38,O383,M6,start,421.1,2.0,,"{'release_time': 1e-06, 'n_max': 10, 'total_ops': 154}",
P9,J9,O094,M7,queued,424.0,5.0,"O303,O402,O164,O223,O094","{'release_time': 1e-06, 'n_max': 10, 'total_ops': 154}",
P33,J33,O333,M2,end,424.1,,,"{'release_time': 1e-06, 'n_max': 10, 'total_ops': 154}",
P33,J33,,,done,424.1,,,"{'release_time': 1e-06, 'n_max': 10, 'total_ops': 154}",
P31,J31,O314,M2,start,424.1,3.0,,"{'release_time': 1e-06, 'n_max': 10, 'total_ops': 154}",
P29,J29,O295,M8->M2,delivery,426.1,,,"{'release_time': 1e-06, 'n_max': 10, 'total_ops': 154}",6.0
P12,J12,O124,M6->M1,delivery,427.1,,,"{'release_time': 1e-06, 'n_max': 10, 'total_ops': 154}",8.0
P29,J29,O295,M2,queued,433.1,4.0,"O033,O343,O173,O295","{'release_time': 1e-06, 'n_max': 10, 'total_ops': 154}",
P12,J12,O124,M1,queued,436.1,5.0,"O183,O363,O254,O203,O124","{'release_time': 1e-06, 'n_max': 10, 'total_ops': 154}",
P19,J19,O192,M7,end,441.1,,,"{'release_time': 1e-06, 'n_max': 10, 'total_ops': 154}",
P1,J1,O012,M5,end,441.1,,,"{'release_time': 1e-06, 'n_max': 10, 'total_ops': 154}",
P30,J30,O303,M7,start,441.1,4.0,,"{'release_time': 1e-06, 'n_max': 10, 'total_ops': 154}",
P24,J24,O243,M5,start,441.1,3.0,,"{'release_time': 1e-06, 'n_max': 10, 'total_ops': 154}",
P14,J14,O142,M1,end,442.0,,,"{'release_time': 1e-06, 'n_max': 10, 'total_ops': 154}",
P18,J18,O183,M1,start,442.0,4.0,,"{'release_time': 1e-06, 'n_max': 10, 'total_ops': 154}",
P8,J8,O082,M4,end,442.1,,,"{'release_time': 1e-06, 'n_max': 10, 'total_ops': 154}",
P32,J32,O323,M4,start,442.1,3.0,,"{'release_time': 1e-06, 'n_max': 10, 'total_ops': 154}",
P10,J10,O103,M8,end,443.1,,,"{'release_time': 1e-06, 'n_max': 10, 'total_ops': 154}",
P15,J15,O153,M8,start,443.1,3.0,,"{'release_time': 1e-06, 'n_max': 10, 'total_ops': 154}",
P19,J19,O193,M7->M6,delivery,446.1,,,"{'release_time': 1e-06, 'n_max': 10, 'total_ops': 154}",6.0
P1,J1,O013,M5->M8,delivery,446.1,,,"{'release_time': 1e-06, 'n_max': 10, 'total_ops': 154}",7.0
P14,J14,O143,M1->M2,delivery,447.0,,,"{'release_time': 1e-06, 'n_max': 10, 'total_ops': 154}",5.0
P8,J8,O083,M4->M5,delivery,448.1,,,"{'release_time': 1e-06, 'n_max': 10, 'total_ops': 154}",8.0
P31,J31,O314,M2,end,450.1,,,"{'release_time': 1e-06, 'n_max': 10, 'total_ops': 154}",
P31,J31,,,done,450.1,,,"{'release_time': 1e-06, 'n_max': 10, 'total_ops': 154}",
P3,J3,O033,M2,start,450.1,3.0,,"{'release_time': 1e-06, 'n_max': 10, 'total_ops': 154}",
P38,J38,O383,M6,end,451.1,,,"{'release_time': 1e-06, 'n_max': 10, 'total_ops': 154}",
P38,J38,,,done,451.1,,,"{'release_time': 1e-06, 'n_max': 10, 'total_ops': 154}",
P4,J4,O043,M6,start,451.1,1.0,,"{'release_time': 1e-06, 'n_max': 10, 'total_ops': 154}",
P14,J14,O143,M2,queued,453.0,4.0,"O343,O173,O295,O143","{'release_time': 1e-06, 'n_max': 10, 'total_ops': 154}",
P19,J19,O193,M6,queued,453.1,2.0,"O134,O193","{'release_time': 1e-06, 'n_max': 10, 'total_ops': 154}",
P1,J1,O013,M8,queued,454.1,4.0,"O353,O284,O394,O013","{'release_time': 1e-06, 'n_max': 10, 'total_ops': 154}",
P10,J10,O104,M8,queued,454.1,5.0,"O353,O284,O394,O013,O104","{'release_time': 1e-06, 'n_max': 10, 'total_ops': 154}",
P8,J8,O083,M5,queued,457.1,4.0,"O273,O063,O212,O083","{'release_time': 1e-06, 'n_max': 10, 'total_ops': 154}",
P18,J18,O183,M1,end,472.0,,,"{'release_time': 1e-06, 'n_max': 10, 'total_ops': 154}",
P18,J18,,,done,472.0,,,"{'release_time': 1e-06, 'n_max': 10, 'total_ops': 154}",
P36,J36,O363,M1,start,472.0,3.0,,"{'release_time': 1e-06, 'n_max': 10, 'total_ops': 154}",
P30,J30,O303,M7,end,472.1,,,"{'release_time': 1e-06, 'n_max': 10, 'total_ops': 154}",
P30,J30,,,done,472.1,,,"{'release_time': 1e-06, 'n_max': 10, 'total_ops': 154}",
P24,J24,O243,M5,end,472.1,,,"{'release_time': 1e-06, 'n_max': 10, 'total_ops': 154}",
P40,J40,O402,M7,start,472.1,3.0,,"{'release_time': 1e-06, 'n_max': 10, 'total_ops': 154}",
P27,J27,O273,M5,start,472.1,3.0,,"{'release_time': 1e-06, 'n_max': 10, 'total_ops': 154}",
P32,J32,O323,M4,end,473.1,,,"{'release_time': 1e-06, 'n_max': 10, 'total_ops': 154}",
P15,J15,O153,M8,end,473.1,,,"{'release_time': 1e-06, 'n_max': 10, 'total_ops': 154}",
P11,J11,O113,M4,start,473.1,2.0,,"{'release_time': 1e-06, 'n_max': 10, 'total_ops': 154}",
P35,J35,O353,M8,start,473.1,4.0,,"{'release_time': 1e-06, 'n_max': 10, 'total_ops': 154}",
P3,J3,O033,M2,end,476.1,,,"{'release_time': 1e-06, 'n_max': 10, 'total_ops': 154}",
P34,J34,O343,M2,start,476.1,3.0,,"{'release_time': 1e-06, 'n_max': 10, 'total_ops': 154}",
P24,J24,O244,M5->M6,delivery,478.1,,,"{'release_time': 1e-06, 'n_max': 10, 'total_ops': 154}",6.0
P32,J32,O324,M4,queued,480.1,3.0,"O023,O373,O324","{'release_time': 1e-06, 'n_max': 10, 'total_ops': 154}",
P15,J15,O154,M8->M6,delivery,480.1,,,"{'release_time': 1e-06, 'n_max': 10, 'total_ops': 154}",6.0
P4,J4,O043,M6,end,481.1,,,"{'release_time': 1e-06, 'n_max': 10, 'total_ops': 154}",
P4,J4,,,done,481.1,,,"{'release_time': 1e-06, 'n_max': 10, 'total_ops': 154}",
P13,J13,O134,M6,start,481.1,1.0,,"{'release_time': 1e-06, 'n_max': 10, 'total_ops': 154}",
P3,J3,O034,M2->M6,delivery,482.1,,,"{'release_time': 1e-06, 'n_max': 10, 'total_ops': 154}",8.0
P24,J24,O244,M6,queued,485.1,2.0,"O193,O244","{'release_time': 1e-06, 'n_max': 10, 'total_ops': 154}",
P15,J15,O154,M6,queued,487.1,3.0,"O193,O244,O154","{'release_time': 1e-06, 'n_max': 10, 'total_ops': 154}",
P3,J3,O034,M6,queued,491.1,4.0,"O193,O244,O154,O034","{'release_time': 1e-06, 'n_max': 10, 'total_ops': 154}",
P36,J36,O363,M1,end,498.0,,,"{'release_time': 1e-06, 'n_max': 10, 'total_ops': 154}",
P25,J25,O254,M1,start,498.0,2.0,,"{'release_time': 1e-06, 'n_max': 10, 'total_ops': 154}",
P40,J40,O402,M7,end,498.1,,,"{'release_time': 1e-06, 'n_max': 10, 'total_ops': 154}",
P16,J16,O164,M7,start,498.1,2.0,,"{'release_time': 1e-06, 'n_max': 10, 'total_ops': 154}",
P35,J35,O353,M8,end,499.1,,,"{'release_time': 1e-06, 'n_max': 10, 'total_ops': 154}",
P28,J28,O284,M8,start,499.1,3.0,,"{'release_time': 1e-06, 'n_max': 10, 'total_ops': 154}",
P27,J27,O273,M5,end,502.1,,,"{'release_time': 1e-06, 'n_max': 10, 'total_ops': 154}",
P6,J6,O063,M5,start,502.1,2.0,,"{'release_time': 1e-06, 'n_max': 10, 'total_ops': 154}",
P36,J36,O364,M1->M5,delivery,504.0,,,"{'release_time': 1e-06, 'n_max': 10, 'total_ops': 154}",6.0
P11,J11,O113,M4,end,504.1,,,"{'release_time': 1e-06, 'n_max': 10, 'total_ops': 154}",
P2,J2,O023,M4,start,504.1,2.0,,"{'release_time': 1e-06, 'n_max': 10, 'total_ops': 154}",
P40,J40,O403,M7->M5,delivery,504.1,,,"{'release_time': 1e-06, 'n_max': 10, 'total_ops': 154}",5.0
P35,J35,O354,M8->M5,delivery,505.1,,,"{'release_time': 1e-06, 'n_max': 10, 'total_ops': 154}",7.0
P34,J34,O343,M2,end,506.1,,,"{'release_time': 1e-06, 'n_max': 10, 'total_ops': 154}",
P34,J34,,,done,506.1,,,"{'release_time': 1e-06, 'n_max': 10, 'total_ops': 154}",
P17,J17,O173,M2,start,506.1,2.0,,"{'release_time': 1e-06, 'n_max': 10, 'total_ops': 154}",
P27,J27,O274,M5->M2,delivery,508.1,,,"{'release_time': 1e-06, 'n_max': 10, 'total_ops': 154}",10.0
P40,J40,O403,M5,queued,510.1,3.0,"O212,O083,O403","{'release_time': 1e-06, 'n_max': 10, 'total_ops': 154}",
P36,J36,O364,M5,queued,511.0,4.0,"O212,O083,O403,O364","{'release_time': 1e-06, 'n_max': 10, 'total_ops': 154}",
P13,J13,O134,M6,end,511.1,,,"{'release_time': 1e-06, 'n_max': 10, 'total_ops': 154}",
P19,J19,O193,M6,start,511.1,3.0,,"{'release_time': 1e-06, 'n_max': 10, 'total_ops': 154}",
P35,J35,O354,M5,queued,513.1,5.0,"O212,O083,O403,O364,O354","{'release_time': 1e-06, 'n_max': 10, 'total_ops': 154}",
P11,J11,O114,M4->M2,delivery,513.1,,,"{'release_time': 1e-06, 'n_max': 10, 'total_ops': 154}",6.0
P13,J13,O135,M6->M2,delivery,517.1,,,"{'release_time': 1e-06, 'n_max': 10, 'total_ops': 154}",8.0
P27,J27,O274,M2,queued,519.1,3.0,"O295,O143,O274","{'release_time': 1e-06, 'n_max': 10, 'total_ops': 154}",
P11,J11,O114,M2,queued,520.1,4.0,"O295,O143,O274,O114","{'release_time': 1e-06, 'n_max': 10, 'total_ops': 154}",
P13,J13,O135,M2,queued,526.1,5.0,"O295,O143,O274,O114,O135","{'release_time': 1e-06, 'n_max': 10, 'total_ops': 154}",
P25,J25,O254,M1,end,529.0,,,"{'release_time': 1e-06, 'n_max': 10, 'total_ops': 154}",
P20,J20,O203,M1,start,529.0,1.0,,"{'release_time': 1e-06, 'n_max': 10, 'total_ops': 154}",
P28,J28,O284,M8,end,529.1,,,"{'release_time': 1e-06, 'n_max': 10, 'total_ops': 154}",
P16,J16,O164,M7,end,529.1,,,"{'release_time': 1e-06, 'n_max': 10, 'total_ops': 154}",
P16,J16,,,done,529.1,,,"{'release_time': 1e-06, 'n_max': 10, 'total_ops': 154}",
P39,J39,O394,M8,start,529.1,2.0,,"{'release_time': 1e-06, 'n_max': 10, 'total_ops': 154}",
P22,J22,O223,M7,start,529.1,1.0,,"{'release_time': 1e-06, 'n_max': 10, 'total_ops': 154}",
P2,J2,O023,M4,end,530.1,,,"{'release_time': 1e-06, 'n_max': 10, 'total_ops': 154}",
P37,J37,O373,M4,start,530.1,1.0,,"{'release_time': 1e-06, 'n_max': 10, 'total_ops': 154}",
P17,J17,O173,M2,end,532.1,,,"{'release_time': 1e-06, 'n_max': 10, 'total_ops': 154}",
P17,J17,,,done,532.1,,,"{'release_time': 1e-06, 'n_max': 10, 'total_ops': 154}",
P29,J29,O295,M2,start,532.1,4.0,,"{'release_time': 1e-06, 'n_max': 10, 'total_ops': 154}",
P6,J6,O063,M5,end,533.1,,,"{'release_time': 1e-06, 'n_max': 10, 'total_ops': 154}",
P6,J6,,,done,533.1,,,"{'release_time': 1e-06, 'n_max': 10, 'total_ops': 154}",
P21,J21,O212,M5,start,533.1,4.0,,"{'release_time': 1e-06, 'n_max': 10, 'total_ops': 154}",
P25,J25,O255,M1,queued,535.0,2.0,"O124,O255","{'release_time': 1e-06, 'n_max': 10, 'total_ops': 154}",
P28,J28,O285,M8->M4,delivery,535.1,,,"{'release_time': 1e-06, 'n_max': 10, 'total_ops': 154}",9.0
P2,J2,O024,M4,queued,537.1,2.0,"O324,O024","{'release_time': 1e-06, 'n_max': 10, 'total_ops': 154}",
P19,J19,O193,M6,end,541.1,,,"{'release_time': 1e-06, 'n_max': 10, 'total_ops': 154}",
P24,J24,O244,M6,start,541.1,2.0,,"{'release_time': 1e-06, 'n_max': 10, 'total_ops': 154}",
P28,J28,O285,M4,queued,545.1,3.0,"O324,O024,O285","{'release_time': 1e-06, 'n_max': 10, 'total_ops': 154}",
P19,J19,O194,M6->M7,delivery,547.1,,,"{'release_time': 1e-06, 'n_max': 10, 'total_ops': 154}",6.0
P19,J19,O194,M7,queued,554.1,2.0,"O094,O194","{'release_time': 1e-06, 'n_max': 10, 'total_ops': 154}",
P39,J39,O394,M8,end,555.1,,,"{'release_time': 1e-06, 'n_max': 10, 'total_ops': 154}",
P39,J39,,,done,555.1,,,"{'release_time': 1e-06, 'n_max': 10, 'total_ops': 154}",
P22,J22,O223,M7,end,555.1,,,"{'release_time': 1e-06, 'n_max': 10, 'total_ops': 154}",
P1,J1,O013,M8,start,555.1,1.0,,"{'release_time': 1e-06, 'n_max': 10, 'total_ops': 154}",
P9,J9,O094,M7,start,555.1,1.0,,"{'release_time': 1e-06, 'n_max': 10, 'total_ops': 154}",
P29,J29,O295,M2,end,558.1,,,"{'release_time': 1e-06, 'n_max': 10, 'total_ops': 154}",
P29,J29,,,done,558.1,,,"{'release_time': 1e-06, 'n_max': 10, 'total_ops': 154}",
P14,J14,O143,M2,start,558.1,3.0,,"{'release_time': 1e-06, 'n_max': 10, 'total_ops': 154}",
P21,J21,O212,M5,end,559.1,,,"{'release_time': 1e-06, 'n_max': 10, 'total_ops': 154}",
P8,J8,O083,M5,start,559.1,3.0,,"{'release_time': 1e-06, 'n_max': 10, 'total_ops': 154}",
P20,J20,O203,M1,end,560.0,,,"{'release_time': 1e-06, 'n_max': 10, 'total_ops': 154}",
P12,J12,O124,M1,start,560.0,1.0,,"{'release_time': 1e-06, 'n_max': 10, 'total_ops': 154}",
P37,J37,O373,M4,end,561.1,,,"{'release_time': 1e-06, 'n_max': 10, 'total_ops': 154}",
P37,J37,,,done,561.1,,,"{'release_time': 1e-06, 'n_max': 10, 'total_ops': 154}",
P32,J32,O324,M4,start,561.1,2.0,,"{'release_time': 1e-06, 'n_max': 10, 'total_ops': 154}",
P22,J22,O224,M7,queued,561.1,2.0,"O194,O224","{'release_time': 1e-06, 'n_max': 10, 'total_ops': 154}",
P21,J21,O213,M5->M8,delivery,564.1,,,"{'release_time': 1e-06, 'n_max': 10, 'total_ops': 154}",7.0
P20,J20,O204,M1,queued,567.0,2.0,"O255,O204","{'release_time': 1e-06, 'n_max': 10, 'total_ops': 154}",
P24,J24,O244,M6,end,571.1,,,"{'release_time': 1e-06, 'n_max': 10, 'total_ops': 154}",
P24,J24,,,done,571.1,,,"{'release_time': 1e-06, 'n_max': 10, 'total_ops': 154}",
P15,J15,O154,M6,start,571.1,1.0,,"{'release_time': 1e-06, 'n_max': 10, 'total_ops': 154}",
P21,J21,O213,M8,queued,572.1,2.0,"O104,O213","{'release_time': 1e-06, 'n_max': 10, 'total_ops': 154}",
P1,J1,O013,M8,end,581.1,,,"{'release_time': 1e-06, 'n_max': 10, 'total_ops': 154}",
P10,J10,O104,M8,start,581.1,1.0,,"{'release_time': 1e-06, 'n_max': 10, 'total_ops': 154}",
P9,J9,O094,M7,end,586.1,,,"{'release_time': 1e-06, 'n_max': 10, 'total_ops': 154}",
P19,J19,O194,M7,start,586.1,1.0,,"{'release_time': 1e-06, 'n_max': 10, 'total_ops': 154}",
P14,J14,O143,M2,end,588.1,,,"{'release_time': 1e-06, 'n_max': 10, 'total_ops': 154}",
P14,J14,,,done,588.1,,,"{'release_time': 1e-06, 'n_max': 10, 'total_ops': 154}",
P27,J27,O274,M2,start,588.1,2.0,,"{'release_time': 1e-06, 'n_max': 10, 'total_ops': 154}",
P1,J1,O014,M8,queued,589.1,2.0,"O213,O014","{'release_time': 1e-06, 'n_max': 10, 'total_ops': 154}",
P8,J8,O083,M5,end,590.1,,,"{'release_time': 1e-06, 'n_max': 10, 'total_ops': 154}",
P40,J40,O403,M5,start,590.1,2.0,,"{'release_time': 1e-06, 'n_max': 10, 'total_ops': 154}",
P12,J12,O124,M1,end,591.0,,,"{'release_time': 1e-06, 'n_max': 10, 'total_ops': 154}",
P25,J25,O255,M1,start,591.0,1.0,,"{'release_time': 1e-06, 'n_max': 10, 'total_ops': 154}",
P32,J32,O324,M4,end,592.1,,,"{'release_time': 1e-06, 'n_max': 10, 'total_ops': 154}",
P2,J2,O024,M4,start,592.1,1.0,,"{'release_time': 1e-06, 'n_max': 10, 'total_ops': 154}",
P9,J9,O095,M7->M1,delivery,593.1,,,"{'release_time': 1e-06, 'n_max': 10, 'total_ops': 154}",7.0
P8,J8,O084,M5->M6,delivery,595.1,,,"{'release_time': 1e-06, 'n_max': 10, 'total_ops': 154}",6.0
P12,J12,O125,M1,queued,598.0,2.0,"O204,O125","{'release_time': 1e-06, 'n_max': 10, 'total_ops': 154}",
P15,J15,O154,M6,end,601.1,,,"{'release_time': 1e-06, 'n_max': 10, 'total_ops': 154}",
P3,J3,O034,M6,start,601.1,0.0,,"{'release_time': 1e-06, 'n_max': 10, 'total_ops': 154}",
P9,J9,O095,M1,queued,601.1,3.0,"O204,O125,O095","{'release_time': 1e-06, 'n_max': 10, 'total_ops': 154}",
P8,J8,O084,M6,queued,602.1,1.0,O084,"{'release_time': 1e-06, 'n_max': 10, 'total_ops': 154}",
P10,J10,O104,M8,end,607.1,,,"{'release_time': 1e-06, 'n_max': 10, 'total_ops': 154}",
P21,J21,O213,M8,start,607.1,1.0,,"{'release_time': 1e-06, 'n_max': 10, 'total_ops': 154}",
P15,J15,O155,M6->M8,delivery,607.1,,,"{'release_time': 1e-06, 'n_max': 10, 'total_ops': 154}",6.0
P32,J32,O325,M4->M8,delivery,610.1000000000003,,,"{'release_time': 1e-06, 'n_max': 10, 'total_ops': 154}",9.0
P19,J19,O194,M7,end,612.1,,,"{'release_time': 1e-06, 'n_max': 10, 'total_ops': 154}",
P22,J22,O224,M7,start,612.1,0.0,,"{'release_time': 1e-06, 'n_max': 10, 'total_ops': 154}",
P27,J27,O274,M2,end,614.1,,,"{'release_time': 1e-06, 'n_max': 10, 'total_ops': 154}",
P27,J27,,,done,614.1,,,"{'release_time': 1e-06, 'n_max': 10, 'total_ops': 154}",
P11,J11,O114,M2,start,614.1,1.0,,"{'release_time': 1e-06, 'n_max': 10, 'total_ops': 154}",
P15,J15,O155,M8,queued,614.1,2.0,"O014,O155","{'release_time': 1e-06, 'n_max': 10, 'total_ops': 154}",
P10,J10,O105,M8->M7,delivery,614.1,,,"{'release_time': 1e-06, 'n_max': 10, 'total_ops': 154}",10.0
P40,J40,O403,M5,end,620.1,,,"{'release_time': 1e-06, 'n_max': 10, 'total_ops': 154}",
P40,J40,,,done,620.1,,,"{'release_time': 1e-06, 'n_max': 10, 'total_ops': 154}",
P36,J36,O364,M5,start,620.1,1.0,,"{'release_time': 1e-06, 'n_max': 10, 'total_ops': 154}",
P19,J19,O195,M7,queued,620.1,1.0,O195,"{'release_time': 1e-06, 'n_max': 10, 'total_ops': 154}",
P32,J32,O325,M8,queued,620.1000000000003,3.0,"O014,O155,O325","{'release_time': 1e-06, 'n_max': 10, 'total_ops': 154}",
P25,J25,O255,M1,end,622.0,,,"{'release_time': 1e-06, 'n_max': 10, 'total_ops': 154}",
P25,J25,,,done,622.0,,,"{'release_time': 1e-06, 'n_max': 10, 'total_ops': 154}",
P20,J20,O204,M1,start,622.0,2.0,,"{'release_time': 1e-06, 'n_max': 10, 'total_ops': 154}",
P2,J2,O024,M4,end,623.1,,,"{'release_time': 1e-06, 'n_max': 10, 'total_ops': 154}",
P28,J28,O285,M4,start,623.1,0.0,,"{'release_time': 1e-06, 'n_max': 10, 'total_ops': 154}",
P10,J10,O105,M7,queued,625.1,2.0,"O195,O105","{'release_time': 1e-06, 'n_max': 10, 'total_ops': 154}",
P3,J3,O034,M6,end,631.1,,,"{'release_time': 1e-06, 'n_max': 10, 'total_ops': 154}",
P3,J3,,,done,631.1,,,"{'release_time': 1e-06, 'n_max': 10, 'total_ops': 154}",
P8,J8,O084,M6,start,631.1,0.0,,"{'release_time': 1e-06, 'n_max': 10, 'total_ops': 154}",
P21,J21,O213,M8,end,633.1,,,"{'release_time': 1e-06, 'n_max': 10, 'total_ops': 154}",
P21,J21,,,done,633.1,,,"{'release_time': 1e-06, 'n_max': 10, 'total_ops': 154}",
P1,J1,O014,M8,start,633.1,2.0,,"{'release_time': 1e-06, 'n_max': 10, 'total_ops': 154}",
P2,J2,O025,M4,queued,633.1,1.0,O025,"{'release_time': 1e-06, 'n_max': 10, 'total_ops': 154}",
P11,J11,O114,M2,end,640.1,,,"{'release_time': 1e-06, 'n_max': 10, 'total_ops': 154}",
P11,J11,,,done,640.1,,,"{'release_time': 1e-06, 'n_max': 10, 'total_ops': 154}",
P13,J13,O135,M2,start,640.1,0.0,,"{'release_time': 1e-06, 'n_max': 10, 'total_ops': 154}",
P22,J22,O224,M7,end,643.1,,,"{'release_time': 1e-06, 'n_max': 10, 'total_ops': 154}",
P19,J19,O195,M7,start,643.1,1.0,,"{'release_time': 1e-06, 'n_max': 10, 'total_ops': 154}",
P36,J36,O364,M5,end,651.1,,,"{'release_time': 1e-06, 'n_max': 10, 'total_ops': 154}",
P36,J36,,,done,651.1,,,"{'release_time': 1e-06, 'n_max': 10, 'total_ops': 154}",
P35,J35,O354,M5,start,651.1,0.0,,"{'release_time': 1e-06, 'n_max': 10, 'total_ops': 154}",
P22,J22,O225,M7->M2,delivery,652.1,,,"{'release_time': 1e-06, 'n_max': 10, 'total_ops': 154}",8.0
P20,J20,O204,M1,end,653.0,,,"{'release_time': 1e-06, 'n_max': 10, 'total_ops': 154}",
P12,J12,O125,M1,start,653.0,1.0,,"{'release_time': 1e-06, 'n_max': 10, 'total_ops': 154}",
P28,J28,O285,M4,end,654.1,,,"{'release_time': 1e-06, 'n_max': 10, 'total_ops': 154}",
P28,J28,,,done,654.1,,,"{'release_time': 1e-06, 'n_max': 10, 'total_ops': 154}",
P2,J2,O025,M4,start,654.1,0.0,,"{'release_time': 1e-06, 'n_max': 10, 'total_ops': 154}",
P20,J20,O205,M1->M4,delivery,660.0,,,"{'release_time': 1e-06, 'n_max': 10, 'total_ops': 154}",6.0
P8,J8,O084,M6,end,661.1,,,"{'release_time': 1e-06, 'n_max': 10, 'total_ops': 154}",
P8,J8,,,done,661.1,,,"{'release_time': 1e-06, 'n_max': 10, 'total_ops': 154}",
P22,J22,O225,M2,queued,661.1,1.0,O225,"{'release_time': 1e-06, 'n_max': 10, 'total_ops': 154}",
P1,J1,O014,M8,end,663.1,,,"{'release_time': 1e-06, 'n_max': 10, 'total_ops': 154}",
P15,J15,O155,M8,start,663.1,1.0,,"{'release_time': 1e-06, 'n_max': 10, 'total_ops': 154}",
P13,J13,O135,M2,end,666.1,,,"{'release_time': 1e-06, 'n_max': 10, 'total_ops': 154}",
P13,J13,,,done,666.1,,,"{'release_time': 1e-06, 'n_max': 10, 'total_ops': 154}",
P22,J22,O225,M2,start,666.1,0.0,,"{'release_time': 1e-06, 'n_max': 10, 'total_ops': 154}",
P20,J20,O205,M4,queued,667.0,1.0,O205,"{'release_time': 1e-06, 'n_max': 10, 'total_ops': 154}",
P1,J1,O015,M8->M2,delivery,669.1,,,"{'release_time': 1e-06, 'n_max': 10, 'total_ops': 154}",6.0
P19,J19,O195,M7,end,674.1,,,"{'release_time': 1e-06, 'n_max': 10, 'total_ops': 154}",
P19,J19,,,done,674.1,,,"{'release_time': 1e-06, 'n_max': 10, 'total_ops': 154}",
P10,J10,O105,M7,start,674.1,0.0,,"{'release_time': 1e-06, 'n_max': 10, 'total_ops': 154}",
P1,J1,O015,M2,queued,676.1,1.0,O015,"{'release_time': 1e-06, 'n_max': 10, 'total_ops': 154}",
P12,J12,O125,M1,end,679.0,,,"{'release_time': 1e-06, 'n_max': 10, 'total_ops': 154}",
P12,J12,,,done,679.0,,,"{'release_time': 1e-06, 'n_max': 10, 'total_ops': 154}",
P9,J9,O095,M1,start,679.0,0.0,,"{'release_time': 1e-06, 'n_max': 10, 'total_ops': 154}",
P35,J35,O354,M5,end,681.1,,,"{'release_time': 1e-06, 'n_max': 10, 'total_ops': 154}",
P2,J2,O025,M4,end,685.1,,,"{'release_time': 1e-06, 'n_max': 10, 'total_ops': 154}",
P2,J2,,,done,685.1,,,"{'release_time': 1e-06, 'n_max': 10, 'total_ops': 154}",
P20,J20,O205,M4,start,685.1,0.0,,"{'release_time': 1e-06, 'n_max': 10, 'total_ops': 154}",
P35,J35,O355,M5->M1,delivery,686.1,,,"{'release_time': 1e-06, 'n_max': 10, 'total_ops': 154}",6.0
P15,J15,O155,M8,end,689.1,,,"{'release_time': 1e-06, 'n_max': 10, 'total_ops': 154}",
P15,J15,,,done,689.1,,,"{'release_time': 1e-06, 'n_max': 10, 'total_ops': 154}",
P32,J32,O325,M8,start,689.1,0.0,,"{'release_time': 1e-06, 'n_max': 10, 'total_ops': 154}",
P22,J22,O225,M2,end,692.1,,,"{'release_time': 1e-06, 'n_max': 10, 'total_ops': 154}",
P22,J22,,,done,692.1,,,"{'release_time': 1e-06, 'n_max': 10, 'total_ops': 154}",
P1,J1,O015,M2,start,692.1,0.0,,"{'release_time': 1e-06, 'n_max': 10, 'total_ops': 154}",
P35,J35,O355,M1,queued,693.1,1.0,O355,"{'release_time': 1e-06, 'n_max': 10, 'total_ops': 154}",
P10,J10,O105,M7,end,704.1,,,"{'release_time': 1e-06, 'n_max': 10, 'total_ops': 154}",
P10,J10,,,done,704.1,,,"{'release_time': 1e-06, 'n_max': 10, 'total_ops': 154}",
P9,J9,O095,M1,end,705.0,,,"{'release_time': 1e-06, 'n_max': 10, 'total_ops': 154}",
P9,J9,,,done,705.0,,,"{'release_time': 1e-06, 'n_max': 10, 'total_ops': 154}",
P35,J35,O355,M1,start,705.0,0.0,,"{'release_time': 1e-06, 'n_max': 10, 'total_ops': 154}",
P20,J20,O205,M4,end,716.1,,,"{'release_time': 1e-06, 'n_max': 10, 'total_ops': 154}",
P20,J20,,,done,716.1,,,"{'release_time': 1e-06, 'n_max': 10, 'total_ops': 154}",
P32,J32,O325,M8,end,719.1,,,"{'release_time': 1e-06, 'n_max': 10, 'total_ops': 154}",
P32,J32,,,done,719.1,,,"{'release_time': 1e-06, 'n_max': 10, 'total_ops': 154}",
P1,J1,O015,M2,end,722.1,,,"{'release_time': 1e-06, 'n_max': 10, 'total_ops': 154}",
P1,J1,,,done,722.1,,,"{'release_time': 1e-06, 'n_max': 10, 'total_ops': 154}",
P35,J35,O355,M1,end,731.0,,,"{'release_time': 1e-06, 'n_max': 10, 'total_ops': 154}",
P35,J35,,,done,731.0,,,"{'release_time': 1e-06, 'n_max': 10, 'total_ops': 154}",
